Date,"Peso (kg)","Masa grasa (kg)","Bone mass (kg)","Muscle mass (kg)","Hidrataci√≥n (kg)",Comentarios
"2022-11-04 10:53:40",74.58,8.08,2.92,63.57,43.06,
"2022-11-02 10:28:28",74.78,,,,,
"2022-10-29 10:06:43",75.57,9.78,2.89,62.89,42.40,
"2022-10-26 21:59:10",76.65,6.48,3.07,67.09,46.33,
"2022-10-23 11:50:48",76.05,8.06,2.97,65.01,44.23,
"2022-10-21 09:23:59",75.82,8.13,2.96,64.72,43.99,
"2022-10-17 09:14:46",75.18,8.58,2.92,63.66,43.08,
"2022-10-17 09:14:16",75.11,,,,,
"2022-10-14 11:55:05",75.65,7.76,2.97,64.91,44.20,
"2022-10-11 09:16:00",77.02,8.56,2.99,65.46,44.55,
"2022-10-07 11:37:45",76.71,8.01,3.00,65.69,44.81,
"2022-10-06 11:24:11",76.47,6.39,3.06,67.00,46.28,
"2022-10-03 10:15:20",76.61,8.10,2.99,65.50,44.64,
"2022-10-01 10:42:58",76.02,8.28,2.96,64.77,44.02,
"2022-09-29 11:12:41",75.85,9.23,2.92,63.69,43.06,
"2022-09-27 08:32:49",75.59,8.29,2.94,64.34,43.67,
"2022-09-24 10:20:54",75.86,8.34,2.95,64.56,43.84,
"2022-09-22 10:01:48",76.35,8.88,2.95,64.50,43.74,
"2022-09-20 10:02:11",77.53,8.38,3.01,66.12,45.12,
"2022-09-15 07:57:00",76.27,8.79,2.95,64.51,43.76,
"2022-09-13 10:46:44",77.32,7.58,3.04,66.68,45.73,
"2022-09-12 12:35:10",76.21,8.00,2.98,65.22,44.43,
"2022-09-10 08:08:06",77.58,8.70,3.00,65.85,44.86,
"2022-09-08 06:24:12",76.17,9.65,2.91,63.60,42.97,
"2022-09-07 10:18:49",76.45,8.51,2.97,64.97,44.15,
"2022-08-31 10:39:29",76.38,,,,,
"2022-08-30 09:18:34",75.95,9.38,2.92,63.64,43.03,
"2022-08-29 07:40:01",76.04,10.19,2.89,62.94,42.46,
"2022-08-27 11:26:55",75.52,7.88,2.96,64.67,44.00,
"2022-08-25 08:50:21",76.67,9.06,2.95,64.65,43.85,
"2022-08-24 08:46:41",76.65,9.19,2.95,64.50,43.72,
"2022-08-23 09:23:58",76.64,8.12,2.99,65.52,44.67,
"2022-08-22 09:11:55",77.12,9.40,2.96,64.75,43.91,
"2022-08-20 10:04:54",75.65,9.40,2.91,63.33,42.78,
"2022-08-19 08:55:57",76.37,9.52,2.93,63.91,43.23,
"2022-08-17 10:23:54",77.21,8.22,3.01,65.97,45.03,
"2022-08-15 11:52:11",77.29,7.52,3.04,66.72,45.78,
"2022-08-12 11:59:28",77.50,8.96,2.99,65.53,44.58,
"2022-08-10 11:15:44",77.26,9.03,2.98,65.23,44.33,
"2022-08-09 10:05:06",77.20,9.25,2.97,64.97,44.10,
"2022-08-08 14:10:15",77.22,,,,,
"2022-08-06 11:30:27",77.66,8.60,3.01,66.04,45.03,
"2022-08-04 11:14:04",76.45,8.65,2.96,64.82,44.03,
"2022-08-04 09:23:40",76.61,9.89,2.92,63.78,43.12,
"2022-08-03 11:37:47",76.21,9.19,2.93,64.07,43.38,
"2022-08-02 10:11:25",77.07,9.71,2.94,64.39,43.61,
"2022-08-01 10:47:05",77.56,8.70,3.00,65.85,44.88,
"2022-07-29 09:38:16",77.89,9.62,2.98,65.27,44.32,
"2022-07-25 09:30:15",76.99,8.79,2.98,65.21,44.34,
"2022-07-21 09:23:45",77.22,9.41,2.96,64.84,43.99,
"2022-07-20 09:12:05",77.10,9.88,2.94,64.27,43.51,
"2022-07-16 10:12:13",76.82,8.31,2.99,65.50,44.64,
"2022-07-12 11:33:14",77.96,9.76,2.97,65.20,44.26,
"2022-07-08 09:34:14",76.69,,,,,
"2022-07-08 08:01:26",76.88,9.95,2.93,63.99,43.29,
"2022-07-07 09:09:31",76.46,,,,,
"2022-07-05 09:50:44",77.45,,,,,
"2022-07-01 14:56:11",78.44,,,,,
"2022-06-02 04:53:34",77.57,,,,,
"2022-05-31 11:44:04",76.70,7.18,3.04,66.47,45.66,
"2022-05-26 10:31:55",76.27,8.41,2.97,64.88,44.13,
"2022-05-25 10:15:33",75.60,7.50,2.98,65.11,44.45,
"2022-05-23 09:10:35",75.83,7.85,2.97,64.99,44.30,
"2022-05-20 11:32:03",75.67,,,,,
"2022-05-17 11:07:47",75.38,,,,,
"2022-05-16 10:00:51",75.70,9.34,2.91,63.44,42.91,
"2022-05-14 09:36:24",76.32,,,,,
"2022-05-11 12:46:24",76.46,7.98,2.99,65.47,44.69,
"2022-05-10 09:46:30",76.83,,,,,
"2022-05-09 12:28:28",76.42,,,,,
"2022-05-07 10:27:41",76.30,8.47,2.96,64.85,44.11,
"2022-05-06 09:58:54",76.37,10.24,2.90,63.21,42.70,
"2022-05-05 10:16:14",76.81,9.57,2.94,64.28,43.56,
"2022-05-03 08:50:51",77.10,9.44,2.96,64.69,43.89,
"2022-05-02 17:35:15",77.27,8.05,3.02,66.18,45.27,
"2022-04-28 10:18:54",76.99,,,,,
"2022-04-27 09:13:21",77.19,8.50,3.00,65.67,44.78,
"2022-04-26 10:32:34",77.62,9.58,2.97,65.06,44.18,
"2022-04-25 08:56:51",77.98,9.32,2.99,65.65,44.68,
"2022-04-24 09:52:47",77.41,,,,,
"2022-04-21 09:51:38",76.56,8.03,2.99,65.52,44.72,
"2022-04-21 01:13:39",76.88,9.61,2.94,64.31,43.58,
"2022-04-19 11:04:59",76.66,8.37,2.98,65.29,44.48,
"2022-04-18 18:11:16",76.65,8.51,2.98,65.15,44.35,
"2022-04-16 11:50:18",76.57,9.20,2.95,64.41,43.70,
"2022-04-14 12:52:25",77.13,7.93,3.02,66.17,45.28,
"2022-04-14 10:18:38",77.34,10.12,2.94,64.27,43.54,
"2022-04-14 10:18:04",77.34,,,,,
"2022-04-13 13:01:50",77.88,,,,,
"2022-04-13 10:55:14",78.17,9.22,3.00,65.93,44.92,
"2022-04-08 12:55:22",78.78,7.38,3.11,68.27,47.20,
"2022-04-06 10:38:23",78.82,8.38,3.06,67.36,46.21,
"2022-04-04 14:18:35",79.18,,,,,
"2022-03-30 12:04:39",78.00,9.23,3.00,65.76,44.78,
"2022-03-29 09:40:20",78.48,9.29,3.01,66.16,45.11,
"2022-03-26 12:22:58",79.06,8.66,3.06,67.32,46.14,
"2022-03-25 11:07:42",78.87,,,,,
"2022-03-24 08:43:23",78.74,10.67,2.97,65.09,44.17,
"2022-03-23 09:10:19",79.10,11.50,2.95,64.63,43.81,
"2022-03-22 08:16:21",79.24,11.75,2.95,64.53,43.74,
"2022-03-16 08:33:29",79.46,11.77,2.95,64.72,43.88,
"2022-03-15 11:02:36",79.45,9.76,3.03,66.64,45.46,
"2022-03-14 14:00:37",80.13,10.14,3.04,66.94,45.67,
"2022-03-09 09:20:12",81.15,11.77,,,,
"2022-03-08 11:39:28",80.80,10.46,,,,
"2022-03-08 11:37:23",80.70,10.41,,,,
"2022-03-04 14:23:36",81.00,9.03,,,,
"2022-03-03 18:51:30",81.60,9.40,,,,
"2022-03-02 10:03:23",82.30,10.23,,,,
"2022-03-01 15:13:49",82.95,10.00,,,,
"2022-02-25 08:12:46",83.05,12.75,,,,
"2022-02-22 11:24:10",83.35,9.33,,,,
"2022-02-20 17:31:34",82.40,8.27,,,,
"2022-02-20 10:06:19",82.95,12.98,,,,
"2022-02-18 18:18:47",83.05,10.05,,,,
"2022-02-15 09:56:47",82.85,12.04,,,,
"2022-02-15 09:11:37",83.00,13.01,,,,
"2022-02-14 08:25:32",83.45,12.16,,,,
"2022-02-11 14:15:17",83.05,8.47,,,,
"2022-02-10 09:34:52",82.60,12.88,,,,
"2022-02-09 09:53:45",82.05,,,,,
"2022-02-08 19:39:31",82.55,11.29,,,,
"2022-02-05 11:36:41",82.50,10.62,,,,
"2022-02-04 09:33:27",83.05,11.34,,,,
"2022-02-03 13:09:34",82.90,10.73,,,,
"2022-02-01 19:51:56",82.80,11.26,,,,
"2022-01-31 19:47:30",82.50,11.37,,,,
"2022-01-31 09:47:34",83.60,,,,,
"2022-01-27 10:33:57",83.35,11.45,,,,
"2022-01-26 11:35:55",83.35,10.92,,,,
"2022-01-25 09:32:03",83.65,12.22,,,,
"2022-01-24 13:37:38",83.55,10.80,,,,
"2022-01-22 09:10:11",83.30,12.08,,,,
"2022-01-21 11:51:12",83.20,5.54,,,,
"2022-01-19 13:33:13",83.60,11.78,,,,
"2022-01-19 10:07:03",83.85,14.14,,,,
"2022-01-18 22:39:40",84.40,12.92,,,,
"2022-01-12 10:52:15",83.50,13.14,,,,
"2022-01-12 09:41:05",83.70,13.51,,,,
"2022-01-11 11:30:19",83.85,13.18,,,,
"2022-01-10 09:54:50",84.30,10.97,,,,
"2022-01-08 09:11:44",84.00,14.00,,,,
"2022-01-07 10:49:53",84.15,12.34,,,,
"2022-01-05 14:35:23",83.50,10.83,,,,
"2022-01-04 23:51:39",83.90,11.05,,,,
"2022-01-04 10:46:43",83.85,13.48,,,,
"2022-01-03 08:59:31",84.30,12.49,,,,
"2022-01-02 10:11:43",84.15,13.01,,,,
"2022-01-01 13:01:01",84.75,13.74,,,,
"2021-12-31 17:26:13",84.30,11.46,,,,
"2021-12-30 07:42:48",85.10,13.41,,,,
"2021-12-29 10:00:21",84.65,12.09,,,,
"2021-12-28 17:29:25",84.60,,,,,
"2021-12-28 17:29:05",84.65,10.92,,,,
"2021-12-28 10:11:32",85.45,13.75,,,,
"2021-12-27 22:04:57",86.25,11.43,,,,
"2021-12-26 15:10:15",85.85,11.40,,,,
"2021-12-24 20:14:06",85.75,12.04,,,,
"2021-12-24 09:23:24",85.60,15.17,,,,
"2021-12-23 23:53:04",85.65,11.04,,,,
"2021-12-21 17:48:40",86.10,13.52,,,,
"2021-12-18 12:24:51",86.00,12.19,,,,
"2021-12-16 11:16:07",86.25,,,,,
"2021-12-15 10:07:01",86.15,14.57,,,,
"2021-12-10 15:36:24",85.60,12.65,,,,
"2021-12-09 08:25:21",85.70,14.60,,,,
"2021-12-08 23:38:07",85.65,11.98,,,,
"2021-12-07 23:33:30",86.15,12.21,,,,
"2021-12-07 09:43:17",86.20,13.71,,,,
"2021-12-06 14:27:54",86.35,12.20,,,,
"2021-12-03 12:57:57",86.90,13.49,,,,
"2021-12-01 08:02:22",86.65,16.19,,,,
"2021-11-30 09:49:58",86.90,14.60,,,,
"2021-11-30 08:53:39",86.85,16.00,,,,
"2021-11-27 09:49:02",87.35,15.22,,,,
"2021-11-25 08:06:35",86.80,16.04,,,,
"2021-11-25 08:06:19",86.85,16.52,,,,
"2021-11-24 09:51:23",86.95,16.72,,,,
"2021-11-23 17:00:45",87.15,13.39,,,,
"2021-11-23 17:00:30",87.20,13.68,,,,
"2021-11-23 08:10:20",87.65,16.88,,,,
"2021-11-22 08:32:03",87.90,16.39,,,,
"2021-11-20 11:48:01",88.40,14.42,,,,
"2021-11-20 11:47:40",88.40,14.08,,,,
"2021-11-19 14:57:13",89.40,14.15,,,,
"2021-11-17 11:49:04",89.25,11.70,,,,
"2021-11-16 08:33:51",89.40,16.45,,,,
"2021-11-15 18:06:32",89.20,11.25,,,,
"2021-11-14 10:43:09",89.45,14.67,,,,
"2021-11-14 08:27:09",89.60,16.44,,,,
"2021-11-12 09:20:50",90.00,14.38,,,,
"2021-11-10 19:47:36",89.45,13.90,,,,
"2021-11-09 09:08:54",89.95,15.40,,,,
"2021-11-08 09:33:05",90.10,14.93,,,,
"2021-11-04 08:37:36",88.95,,,,,
"2021-11-04 07:56:26",89.00,16.94,,,,
"2021-11-03 13:18:44",89.60,14.90,,,,
"2021-11-02 08:17:46",89.85,16.75,,,,
"2021-11-01 08:32:43",90.00,16.43,,,,
"2021-10-31 19:41:13",90.65,14.20,,,,
"2021-10-31 09:34:43",90.95,16.70,,,,
"2021-10-29 16:45:09",90.00,14.09,,,,
"2021-10-28 15:26:17",90.40,14.98,,,,
"2021-10-23 11:00:24",90.65,15.71,,,,
"2021-10-23 09:49:31",91.00,17.68,,,,
"2021-10-22 13:55:13",91.00,15.72,,,,
"2021-10-21 10:46:56",91.15,16.40,,,,
"2021-10-20 15:02:39",91.75,14.14,,,,
"2021-10-20 14:58:49",91.80,13.94,,,,
"2021-10-16 11:00:38",92.50,15.87,,,,
"2021-10-12 11:20:13",93.05,14.54,,,,
"2021-10-12 10:45:05",93.35,16.80,,,,
"2021-10-11 14:11:59",93.40,15.83,,,,
"2021-10-09 22:16:04",93.95,13.52,,,,
"2021-09-29 00:15:09",92.50,15.12,,,,
"2021-09-27 07:39:55",93.50,19.45,,,,
"2021-09-25 18:31:56",92.85,15.33,,,,
"2021-09-23 19:51:27",93.60,18.98,,,,
"2021-09-22 11:25:00",93.55,15.77,,,,
"2021-09-17 23:46:11",93.75,15.59,,,,
"2021-09-13 13:50:24",93.35,13.18,,,,
"2021-09-10 12:34:32",93.50,14.81,,,,
"2021-09-09 18:06:58",93.75,17.22,,,,
"2021-09-07 08:24:29",93.80,17.88,,,,
"2021-09-05 11:41:45",94.85,15.96,,,,
"2021-09-04 13:37:15",92.35,14.80,,,,
"2021-09-01 08:06:09",94.05,19.77,,,,
"2021-08-31 10:07:07",94.30,17.98,,,,
"2021-08-30 16:24:13",94.50,16.22,,,,
"2021-08-29 14:55:03",94.70,15.23,,,,
"2021-08-27 08:49:52",95.95,19.03,,,,
"2021-08-21 14:52:09",95.10,14.67,,,,
"2021-08-18 19:13:34",95.00,16.05,,,,
"2021-08-14 14:48:52",95.80,16.55,,,,
"2021-08-01 09:10:00",95.35,19.27,,,,
"2021-07-30 18:54:05",96.10,17.25,,,,
"2021-07-29 10:22:46",95.35,15.79,,,,
"2021-07-23 08:13:49",96.05,19.52,,,,
"2021-07-20 09:23:02",95.95,,,,,
"2021-07-17 11:34:25",95.00,17.90,,,,
"2021-07-12 08:04:15",95.95,19.85,,,,
"2021-07-07 07:47:07",94.20,20.11,,,,
"2021-07-01 13:13:51",95.35,18.05,,,,
"2021-06-28 16:19:38",95.20,6.68,,,,
"2021-06-23 18:02:22",94.35,17.62,,,,
"2021-06-13 14:45:15",95.20,17.63,,,,
"2021-06-07 19:43:35",95.10,17.00,,,,
"2021-06-04 07:37:33",95.35,19.19,,,,
"2021-06-01 11:43:39",95.50,15.80,,,,
"2021-05-31 08:46:12",95.15,18.72,,,,
"2021-05-28 07:09:42",94.70,20.56,,,,
"2021-05-25 09:19:10",95.60,18.22,,,,
"2021-05-23 15:50:04",95.35,14.90,,,,
"2021-05-12 08:08:26",97.45,22.38,,,,
"2021-05-01 09:05:55",95.65,19.56,,,,
"2021-04-29 07:15:49",96.15,20.00,,,,
"2021-04-25 07:46:10",94.95,21.07,,,,
"2021-04-15 16:35:35",94.55,16.01,,,,
"2021-04-10 08:45:03",93.75,19.01,,,,
"2021-04-10 00:10:48",94.35,16.67,,,,
"2021-04-09 10:24:29",94.70,16.98,,,,
"2021-04-01 08:10:40",95.30,19.63,,,,
"2021-03-27 06:57:22",94.30,19.79,,,,
"2021-03-26 07:57:26",94.30,20.27,,,,
"2021-03-25 23:43:25",94.30,17.35,,,,
"2021-03-24 07:20:49",96.05,19.35,,,,
"2021-03-23 08:04:44",96.20,21.68,,,,
"2021-03-18 16:11:59",96.65,15.77,,,,
"2021-03-11 11:31:04",96.45,16.64,,,,
"2021-03-08 22:58:43",96.70,17.89,,,,
"2021-03-06 09:58:45",96.35,19.98,,,,
"2021-03-02 08:13:02",95.90,20.56,,,,
"2021-02-25 07:31:25",95.05,20.58,,,,
"2021-02-24 23:17:12",95.40,16.31,,,,
"2021-02-23 10:18:09",95.20,18.44,,,,
"2021-02-19 10:40:39",96.10,18.23,,,,
"2021-02-15 12:19:53",95.45,17.39,,,,
"2021-02-12 08:12:47",95.30,19.63,,,,
"2021-02-09 11:30:52",95.50,18.32,,,,
"2021-02-08 08:23:09",95.95,18.30,,,,
"2021-02-06 07:17:41",94.75,19.88,,,,
"2021-02-04 22:32:20",95.05,17.05,,,,
"2021-02-02 09:01:38",95.20,19.64,,,,
"2021-02-01 09:51:44",95.65,20.70,,,,
"2021-01-31 07:55:22",95.40,18.98,,,,
"2021-01-29 23:42:55",95.85,17.66,,,,
"2021-01-29 00:18:53",96.15,18.27,,,,
"2021-01-26 14:03:10",95.90,16.79,,,,
"2021-01-23 07:17:03",95.45,21.36,,,,
"2021-01-22 12:07:26",95.15,17.52,,,,
"2021-01-19 07:34:15",95.65,21.43,,,,
"2021-01-18 09:58:15",95.45,20.15,,,,
"2021-01-16 10:31:53",95.40,,,,,
"2021-01-14 10:40:45",95.30,19.96,,,,
"2021-01-12 21:21:45",95.35,18.46,,,,
"2021-01-05 09:32:17",94.90,20.23,,,,
"2020-12-30 11:13:40",94.15,19.45,,,,
"2020-12-26 16:02:27",94.85,18.04,,,,
"2020-12-23 15:20:46",94.50,16.06,,,,
"2020-12-21 16:34:59",94.25,16.45,,,,
"2020-12-20 23:05:03",94.70,17.22,,,,
"2020-12-18 01:21:19",94.45,17.53,,,,
"2020-12-16 07:16:59",93.80,20.37,,,,
"2020-12-15 11:31:20",93.75,17.30,,,,
"2020-12-13 08:39:44",93.55,,,,,
"2020-12-13 08:13:05",93.05,20.58,,,,
"2020-12-12 08:07:34",92.50,,,,,
"2020-12-12 08:07:16",92.60,19.55,,,,
"2020-12-06 22:19:55",93.70,17.57,,,,
"2020-12-03 10:23:55",93.25,19.04,,,,
"2020-12-01 11:17:18",93.05,16.99,,,,
"2020-11-29 18:23:38",92.60,16.69,,,,
"2020-11-28 23:42:27",93.70,15.48,,,,
"2020-11-26 08:31:06",92.85,19.74,,,,
"2020-11-25 08:11:49",93.00,19.09,,,,
"2020-11-24 16:48:01",93.55,18.63,,,,
"2020-11-15 23:22:24",94.35,16.52,,,,
"2020-11-10 23:52:33",93.20,17.32,,,,
"2020-11-09 09:58:36",92.90,19.17,,,,
"2020-11-07 23:16:25",94.20,15.24,,,,
"2020-11-04 16:15:30",93.15,14.91,,,,
"2020-11-02 16:53:00",92.70,17.13,,,,
"2020-11-02 16:52:45",92.75,17.02,,,,
"2020-10-28 23:54:10",94.75,,,,,
"2020-10-28 23:53:53",96.40,,,,,
"2020-10-27 10:21:18",93.85,,,,,
"2020-10-23 09:15:02",93.80,19.51,,,,
"2020-10-22 10:06:55",93.40,7.43,,,,
"2020-10-19 23:10:14",92.90,18.41,,,,
"2020-10-19 10:10:19",94.25,18.66,,,,
"2020-10-16 22:18:32",93.30,15.77,,,,
"2020-10-15 17:06:15",93.00,17.26,,,,
"2020-10-14 08:00:49",92.65,19.14,,,,
"2020-10-13 22:18:20",92.95,17.07,,,,
"2020-10-13 16:14:15",92.75,14.13,,,,
"2020-10-12 09:34:39",93.40,17.53,,,,
"2020-10-09 08:39:36",93.20,18.62,,,,
"2020-10-07 23:47:36",94.55,15.22,,,,
"2020-10-06 09:50:18",93.75,18.15,,,,
"2020-10-05 00:18:14",94.35,14.94,,,,
"2020-10-04 09:24:06",93.90,19.19,,,,
"2020-10-02 13:31:54",93.50,16.36,,,,
"2020-09-30 22:03:32",94.45,14.76,,,,
"2020-09-30 09:27:33",94.40,18.29,,,,
"2020-09-30 09:20:48",94.65,17.11,,,,
"2020-09-29 23:42:44",95.35,,,,,
"2020-09-28 17:54:14",93.25,,,,,
"2020-09-26 00:24:31",93.65,14.21,,,,
"2020-09-25 13:22:45",93.40,16.45,,,,
"2020-09-25 00:20:39",93.85,14.17,,,,
"2020-09-23 09:07:06",93.05,18.36,,,,
"2020-09-22 11:55:32",93.30,16.77,,,,
"2020-09-21 23:12:40",94.25,16.84,,,,
"2020-09-20 23:15:35",94.35,16.83,,,,
"2020-09-18 23:55:40",93.10,14.19,,,,
"2020-09-18 07:40:44",92.45,18.85,,,,
"2020-09-17 09:30:07",92.70,17.13,,,,
"2020-09-17 08:22:28",92.95,18.14,,,,
"2020-09-14 22:53:53",93.20,15.71,,,,
"2020-09-12 22:52:43",92.15,12.81,,,,
"2020-09-12 09:02:32",92.45,17.87,,,,
"2020-09-11 10:28:58",92.30,15.52,,,,
"2020-09-10 22:57:20",92.65,16.57,,,,
"2020-09-08 00:13:41",92.65,13.92,,,,
"2020-09-07 08:27:49",91.90,18.46,,,,
"2020-09-06 09:36:27",91.60,19.65,,,,
"2020-09-05 10:02:08",92.20,17.77,,,,
"2020-09-03 23:30:22",92.00,13.17,,,,
"2020-09-01 18:02:36",92.80,16.37,,,,
"2020-08-30 23:42:55",93.45,13.93,,,,
"2020-08-29 23:31:51",92.35,16.60,,,,
"2020-08-27 23:48:27",92.75,13.00,,,,
"2020-08-26 23:22:18",92.55,13.41,,,,
"2020-08-26 09:23:09",92.30,16.87,,,,
"2020-08-26 00:30:52",92.55,12.88,,,,
"2020-08-25 11:34:53",92.60,14.72,,,,
"2020-08-24 15:48:24",94.40,12.99,,,,
"2020-08-24 15:47:56",94.40,12.84,,,,
"2020-08-23 09:16:28",93.15,15.37,,,,
"2020-08-23 03:53:45",93.40,15.21,,,,
"2020-08-23 00:45:18",93.60,12.47,,,,
"2020-08-22 07:02:47",92.60,17.37,,,,
"2020-08-21 09:23:06",92.20,18.67,,,,
"2020-08-20 09:59:55",92.35,15.47,,,,
"2020-08-19 10:43:59",92.20,13.66,,,,
"2020-08-18 11:02:49",91.95,13.44,,,,
"2020-08-18 00:32:35",92.55,13.18,,,,
"2020-08-16 08:43:19",91.85,17.46,,,,
"2020-08-14 09:31:01",91.00,16.66,,,,
"2020-08-12 13:18:46",90.85,15.05,,,,
"2020-08-12 08:17:01",90.60,17.19,,,,
"2020-08-11 08:47:21",90.80,17.11,,,,
"2020-08-10 12:15:09",90.60,13.38,,,,
"2020-08-09 12:41:50",90.75,,,,,
"2020-08-07 20:57:13",89.65,14.79,,,,
"2020-08-07 20:56:58",89.65,14.86,,,,
"2020-08-07 13:26:53",89.80,14.75,,,,
"2020-08-07 07:55:08",90.40,17.55,,,,
"2020-08-06 22:57:40",90.35,14.95,,,,
"2020-08-06 08:25:23",90.60,17.33,,,,
"2020-08-05 17:40:09",90.65,15.42,,,,
"2020-08-05 10:18:22",90.70,14.38,,,,
"2020-08-04 23:48:34",91.00,13.54,,,,
"2020-08-04 12:28:49",90.35,14.81,,,,
"2020-08-03 23:37:34",90.75,13.40,,,,
"2020-08-03 08:14:35",90.80,16.53,,,,
"2020-08-03 00:00:31",90.65,14.20,,,,
"2020-08-02 14:07:28",90.25,13.89,,,,
"2020-07-29 11:07:33",91.05,14.15,,,,
"2020-07-28 11:17:44",91.10,15.42,,,,
"2020-07-28 00:08:40",91.15,13.56,,,,
"2020-07-28 00:07:56",90.75,13.18,,,,
"2020-07-27 18:21:31",93.15,14.60,,,,
"2020-07-25 23:27:16",91.30,15.70,,,,
"2020-07-23 12:15:41",91.25,15.08,,,,
"2020-07-23 00:02:23",91.75,13.32,,,,
"2020-07-22 08:04:19",91.75,17.69,,,,
"2020-07-21 09:06:19",92.50,16.55,,,,
"2020-07-20 23:28:33",92.50,12.10,,,,
"2020-07-20 11:38:40",92.95,14.25,,,,
"2020-07-19 23:41:16",93.50,14.81,,,,
"2020-07-19 09:37:26",93.15,17.28,,,,
"2020-07-17 09:58:19",92.00,17.49,,,,
"2020-07-15 10:36:18",91.55,16.89,,,,
"2020-07-14 14:00:07",91.25,15.96,,,,
"2020-07-12 10:58:49",91.75,16.13,,,,
"2020-07-10 09:55:30",91.20,16.65,,,,
"2020-07-09 08:52:54",91.75,19.09,,,,
"2020-07-08 23:19:47",91.95,17.16,,,,
"2020-07-08 01:19:01",92.05,13.50,,,,
"2020-07-06 09:38:14",92.20,16.20,,,,
"2020-07-04 23:02:57",92.55,14.77,,,,
"2020-07-03 12:08:49",92.05,13.79,,,,
"2020-07-02 22:24:00",91.90,13.63,,,,
"2020-07-02 00:05:02",91.65,13.41,,,,
"2020-06-30 22:54:49",91.55,14.83,,,,
"2020-06-29 17:39:04",91.60,,,,,
"2020-06-28 13:15:21",91.05,14.59,,,,
"2020-06-27 23:52:53",92.10,14.35,,,,
"2020-06-26 17:49:13",91.90,15.71,,,,
"2020-06-25 23:27:55",92.05,13.65,,,,
"2020-06-25 09:51:09",92.20,18.60,,,,
"2020-06-24 10:15:15",92.40,16.71,,,,
"2020-06-20 23:55:56",92.55,14.09,,,,
"2020-06-19 22:56:35",93.05,15.69,,,,
"2020-06-17 18:37:42",92.15,12.58,,,,
"2020-06-16 09:15:57",92.85,16.93,,,,
"2020-06-15 10:35:22",92.50,13.53,,,,
"2020-06-15 09:17:55",92.65,16.19,,,,
"2020-06-14 23:32:20",93.10,14.65,,,,
"2020-06-13 08:37:41",92.30,18.14,,,,
"2020-06-12 10:11:47",92.55,,,,,
"2020-06-10 08:58:34",91.65,16.73,,,,
"2020-06-09 23:09:44",92.25,14.06,,,,
"2020-06-09 09:34:29",91.80,16.02,,,,
"2020-06-09 00:23:56",92.05,15.51,,,,
"2020-06-08 09:18:38",91.05,17.79,,,,
"2020-06-07 22:15:41",91.35,16.39,,,,
"2020-06-07 10:28:35",91.60,17.14,,,,
"2020-06-07 01:13:25",91.60,14.93,,,,
"2020-06-06 09:14:45",91.90,18.31,,,,
"2020-06-06 00:18:32",92.25,15.71,,,,
"2020-06-06 00:02:45",92.50,17.08,,,,
"2020-06-04 00:34:14",92.80,14.31,,,,
"2020-06-03 08:09:14",92.65,16.12,,,,
"2020-06-02 23:29:18",92.80,14.09,,,,
"2020-06-02 09:17:40",93.55,16.24,,,,
"2020-06-01 10:31:47",93.90,17.48,,,,
"2020-06-01 00:52:51",94.65,,,,,
"2020-05-30 23:21:28",93.15,14.68,,,,
"2020-05-30 00:46:33",93.35,15.57,,,,
"2020-05-29 09:22:18",92.90,2.79,,,,
"2020-05-29 03:29:15",93.10,15.64,,,,
"2020-05-28 08:38:24",92.95,17.15,,,,
"2020-05-27 07:22:02",93.35,16.88,,,,
"2020-05-26 16:25:12",93.00,15.20,,,,
"2020-05-25 23:38:36",93.40,14.21,,,,
"2020-05-25 08:17:52",93.25,17.35,,,,
"2020-05-23 10:14:38",93.75,15.66,,,,
"2020-05-22 07:46:10",93.15,18.89,,,,
"2020-05-20 23:39:00",93.10,13.96,,,,
"2020-05-20 10:15:48",93.35,18.57,,,,
"2020-05-19 23:24:28",93.65,15.99,,,,
"2020-05-19 08:56:28",93.40,18.68,,,,
"2020-05-18 09:22:36",93.20,17.47,,,,
"2020-05-18 00:54:56",93.80,15.15,,,,
"2020-05-18 00:36:37",93.90,18.41,,,,
"2020-05-17 09:41:11",93.65,17.54,,,,
"2020-05-16 23:58:13",94.20,17.21,,,,
"2020-05-16 09:56:54",93.55,16.62,,,,
"2020-05-16 09:56:39",93.50,17.29,,,,
"2020-05-14 16:35:14",92.30,14.24,,,,
"2020-05-13 08:49:03",92.20,17.77,,,,
"2020-05-10 11:48:41",92.40,17.61,,,,
"2020-05-07 11:15:58",91.80,15.42,,,,
"2020-05-07 00:13:27",92.30,15.44,,,,
"2020-05-05 09:15:20",91.55,17.84,,,,
"2020-05-03 08:38:21",91.75,17.46,,,,
"2020-05-02 09:42:40",92.40,16.26,,,,
"2020-05-01 09:29:10",91.70,17.36,,,,
"2020-05-01 09:28:55",91.75,16.80,,,,
"2020-04-30 09:27:48",91.65,16.51,,,,
"2020-04-29 09:12:57",92.55,15.07,,,,
"2020-04-28 10:33:53",92.05,17.22,,,,
"2020-04-27 11:03:56",92.40,15.35,,,,
"2020-04-26 10:06:56",91.40,16.49,,,,
"2020-04-25 09:24:22",90.95,15.76,,,,
"2020-04-24 10:26:28",91.40,16.86,,,,
"2020-04-23 09:17:05",91.15,17.06,,,,
"2020-04-23 00:12:43",90.70,11.49,,,,
"2020-04-20 23:36:48",92.05,13.05,,,,
"2020-04-20 09:35:20",91.85,17.53,,,,
"2020-04-19 10:53:39",92.15,15.50,,,,
"2020-04-19 10:53:25",92.10,15.09,,,,
"2020-04-16 10:50:28",91.65,15.99,,,,
"2020-04-14 11:56:44",92.00,14.88,,,,
"2020-04-14 00:40:38",92.90,15.06,,,,
"2020-04-13 11:37:13",92.35,14.20,,,,
"2020-04-12 00:10:30",93.05,13.39,,,,
"2020-04-10 23:46:11",92.20,13.13,,,,
"2020-04-09 22:19:39",92.30,14.92,,,,
"2020-04-09 00:56:55",92.55,13.49,,,,
"2020-04-06 15:27:39",92.55,13.94,,,,
"2020-04-05 01:40:41",92.30,14.92,,,,
"2020-04-03 09:08:04",91.00,17.03,,,,
"2020-04-02 09:16:07",91.25,17.34,,,,
"2020-04-02 09:05:45",91.45,17.33,,,,
"2020-04-02 01:50:54",91.95,14.33,,,,
"2020-03-30 09:23:58",91.40,17.08,,,,
"2020-03-30 00:50:14",92.05,12.90,,,,
"2020-03-30 00:05:54",92.00,14.06,,,,
"2020-03-29 01:02:15",92.80,13.48,,,,
"2020-03-27 16:42:11",91.65,14.15,,,,
"2020-03-26 00:26:45",91.95,12.47,,,,
"2020-03-25 09:15:35",92.25,16.16,,,,
"2020-03-25 01:59:14",91.35,10.75,,,,
"2020-03-23 09:32:03",91.80,16.91,,,,
"2020-03-22 08:39:28",91.70,18.24,,,,
"2020-03-20 12:53:55",92.05,,,,,
"2020-03-19 11:48:34",92.45,,,,,
"2020-03-17 23:41:07",92.10,,,,,
"2020-03-17 08:58:22",92.00,,,,,
"2020-03-16 12:08:59",92.25,,,,,
"2020-03-14 09:57:01",91.65,,,,,
"2020-03-11 09:04:55",92.85,,,,,
"2020-03-10 18:43:23",92.60,,,,,
"2020-03-10 00:08:00",93.60,,,,,
"2020-03-08 09:17:33",92.10,,,,,
"2020-03-07 08:23:13",91.40,,,,,
"2020-03-06 09:29:55",91.80,,,,,
"2020-03-05 14:29:38",91.50,,,,,
"2020-03-05 00:49:33",91.70,,,,,
"2020-03-03 07:54:12",92.90,,,,,
"2020-03-02 21:30:15",93.40,,,,,
"2020-02-26 14:01:17",93.15,,,,,
"2020-02-25 16:21:29",93.40,,,,,
"2020-02-24 08:43:31",94.00,,,,,
"2020-02-23 09:33:22",93.95,,,,,
"2020-02-21 12:11:14",94.15,,,,,
"2020-02-19 23:30:34",94.10,,,,,
"2020-02-18 08:51:37",93.35,,,,,
"2020-02-17 08:38:07",94.20,,,,,
"2020-02-15 12:50:24",94.35,,,,,
"2020-02-13 17:17:58",92.70,,,,,
"2020-02-12 18:31:52",93.35,,,,,
"2020-02-10 10:11:38",93.85,,,,,
"2020-02-07 11:45:42",92.85,,,,,
"2020-02-05 10:53:36",92.45,,,,,
"2020-02-04 08:53:42",93.55,,,,,
"2020-02-03 09:05:42",93.45,,,,,
"2020-02-02 07:28:30",93.60,,,,,
"2020-01-31 11:55:51",93.40,,,,,
"2020-01-31 08:48:48",93.45,,,,,
"2020-01-29 08:12:47",93.35,,,,,
"2020-01-28 10:08:07",93.60,,,,,
"2020-01-27 19:02:27",93.80,,,,,
"2020-01-24 07:34:33",94.15,,,,,
"2020-01-23 23:54:33",94.50,,,,,
"2020-01-21 23:19:02",94.90,,,,,
"2020-01-20 11:30:38",94.30,,,,,
"2020-01-20 08:54:20",93.45,,,,,
"2020-01-19 10:19:29",94.15,,,,,
"2020-01-17 10:19:33",94.90,,,,,
"2020-01-15 09:27:06",95.25,,,,,
"2020-01-13 01:06:49",95.00,13.73,,,,
"2020-01-11 08:54:44",94.15,20.55,,,,
"2020-01-10 11:48:46",94.45,18.95,,,,
"2020-01-07 23:07:19",94.75,18.93,,,,
"2020-01-04 19:27:13",95.10,15.72,,,,
"2019-12-29 07:52:08",94.90,19.67,,,,
"2019-12-24 08:51:14",94.40,20.50,,,,
"2019-12-23 11:16:23",95.35,19.35,,,,
"2019-12-18 00:23:57",96.00,17.76,,,,
"2019-12-17 08:13:46",95.65,19.48,,,,
"2019-12-11 08:49:05",95.30,20.12,,,,
"2019-12-11 08:48:46",95.30,20.85,,,,
"2019-11-29 09:02:33",96.15,20.66,,,,
"2019-11-13 12:01:08",96.30,19.77,,,,
"2019-11-10 17:56:26",91.45,17.19,,,,
"2019-11-08 08:19:32",96.50,20.08,,,,
"2019-10-31 08:13:12",95.50,19.53,,,,
"2019-10-30 18:42:37",95.65,18.66,,,,
"2019-10-22 09:49:44",96.75,20.18,,,,
"2019-10-20 09:33:18",97.50,20.89,,,,
"2019-10-05 15:17:46",96.30,15.06,,,,
"2019-09-21 09:09:10",95.70,20.25,,,,
"2019-09-17 17:22:53",96.40,15.20,,,,
"2019-09-05 07:47:37",96.15,20.16,,,,
"2019-08-29 12:14:17",96.75,16.25,,,,
"2019-08-28 21:58:00",96.95,17.55,,,,
"2019-08-24 20:17:33",96.80,15.36,,,,
"2019-08-21 14:07:21",96.65,18.69,,,,
"2019-08-14 09:06:12",97.25,16.90,,,,
"2019-08-13 23:16:05",97.80,15.11,,,,
"2019-08-11 15:02:51",96.40,18.69,,,,
"2019-08-08 08:29:54",96.80,20.47,,,,
"2019-08-05 08:30:50",96.80,18.88,,,,
"2019-08-01 17:02:40",95.95,17.48,,,,
"2019-07-31 08:07:02",95.75,21.34,,,,
"2019-07-30 17:00:02",95.90,16.95,,,,
"2019-07-26 09:53:25",96.35,20.64,,,,
"2019-07-21 16:34:27",96.90,18.78,,,,
"2019-07-18 16:26:37",97.90,16.89,,,,
"2019-07-17 08:35:28",97.90,20.84,,,,
"2019-07-12 10:08:47",98.45,20.20,,,,
"2019-07-09 23:22:18",98.95,17.21,,,,
"2019-07-07 09:58:15",99.70,21.44,,,,
"2019-07-06 11:01:56",100.25,19.49,,,,
"2019-06-21 10:22:19",100.70,22.73,,,,
"2019-06-21 09:47:30",100.90,23.89,,,,
"2019-06-19 08:39:20",101.10,21.64,,,,
"2019-06-19 08:26:34",101.25,22.68,,,,
"2019-06-18 08:21:17",100.65,23.79,,,,
"2019-06-12 10:01:05",100.50,24.86,,,,
"2019-06-11 16:46:04",101.10,18.50,,,,
"2019-06-10 08:31:26",101.70,18.80,,,,
"2019-06-09 08:26:41",101.65,23.16,,,,
"2019-06-08 23:37:43",102.20,20.36,,,,
"2019-05-28 09:20:52",102.90,25.94,,,,
"2019-05-27 09:37:02",103.45,25.41,,,,
"2019-05-26 09:30:20",103.50,24.97,,,,
"2019-05-24 23:38:54",103.45,21.03,,,,
"2019-05-24 23:38:16",103.50,21.75,,,,
"2019-05-12 10:22:03",106.00,28.60,,,,
"2019-05-11 09:44:38",106.55,28.96,,,,
"2019-05-10 08:53:51",107.20,28.67,,,,
"2019-05-09 08:16:23",106.85,29.74,,,,
"2019-05-08 09:38:23",107.20,30.36,,,,
"2019-05-07 09:25:24",107.30,29.70,,,,
"2019-05-06 08:39:57",108.10,30.82,,,,
"2019-05-05 08:12:24",107.85,,,,,
"2019-05-04 09:20:24",107.85,28.68,,,,
"2019-05-02 09:47:03",108.30,29.49,,,,
"2019-05-01 09:10:59",108.75,30.52,,,,
"2019-04-30 09:48:39",109.05,30.34,,,,
"2019-04-29 08:57:14",109.00,31.18,,,,
"2019-04-28 09:36:00",109.25,31.51,,,,
"2019-04-27 10:20:18",108.90,31.20,,,,
"2019-04-26 09:06:32",109.60,31.37,,,,
"2019-04-25 09:53:14",111.25,32.36,,,,
"2019-04-24 08:23:04",109.95,32.80,,,,
"2019-04-23 08:29:57",110.45,32.23,,,,
"2019-04-22 19:08:31",110.40,31.40,,,,
"2019-04-21 15:21:37",110.65,25.61,,,,
"2019-04-21 07:50:05",110.90,32.29,,,,
"2019-04-20 08:32:06",111.00,32.83,,,,
"2019-04-19 23:57:25",111.40,25.71,,,,
"2019-04-19 08:55:28",111.60,32.10,,,,
"2019-04-16 07:44:40",111.95,34.50,,,,
"2019-04-15 09:37:45",112.50,33.72,,,,
"2019-04-15 09:07:15",112.65,34.44,,,,
"2019-04-14 08:42:47",112.80,36.59,,,,
"2019-04-13 08:29:43",113.05,34.69,,,,
"2019-04-12 08:50:14",112.95,36.38,,,,
"2019-04-11 08:25:17",113.50,37.50,,,,
"2019-04-10 08:46:13",113.30,37.79,,,,
"2019-04-09 07:44:24",114.10,35.78,,,,
"2019-04-08 09:14:24",114.60,36.74,,,,
"2019-04-07 08:50:26",115.30,37.03,,,,
"2019-04-06 07:10:59",116.05,36.61,,,,
"2019-04-05 20:52:31",116.90,35.35,,,,
"2019-04-05 08:32:54",116.45,37.86,,,,
"2019-04-04 23:14:41",116.95,33.99,,,,
"2019-04-04 11:36:26",117.05,37.29,,,,
"2019-04-03 09:15:19",117.55,40.35,,,,
"2019-04-02 07:21:01",118.75,40.09,,,,
"2019-04-01 18:12:55",119.25,36.43,,,,
"2019-04-01 06:39:32",120.30,36.84,,,,
"2019-03-31 17:42:30",122.35,35.03,,,,
"2019-03-28 07:42:09",122.35,40.99,,,,
"2019-03-27 11:22:48",123.75,41.77,,,,
"2019-02-13 13:12:11",124.35,38.24,,,,
"2018-12-30 09:28:22",122.45,37.39,,,,
"2018-12-12 09:27:28",120.90,38.77,,,,
"2018-12-12 01:52:33",124.70,40.78,,,,
"2018-09-29 08:08:37",117.80,36.30,,,,
"2018-08-21 08:53:13",116.70,34.15,,,,
"2018-08-10 09:12:16",115.10,32.51,,,,
"2018-08-05 14:03:37",115.35,30.36,,,,
"2018-07-31 13:50:24",115.05,30.61,,,,
"2018-07-30 10:50:02",114.60,32.82,,,,
"2018-07-28 08:04:54",114.50,31.75,,,,
"2018-07-26 09:30:53",114.85,34.14,,,,
"2018-07-22 19:14:40",116.00,27.74,,,,
"2018-07-17 13:05:50",115.50,,,,,
"2018-07-14 12:31:19",116.60,31.01,,,,
"2018-07-04 14:00:42",116.85,31.21,,,,
"2018-06-30 12:30:36",115.20,34.21,,,,
"2018-06-29 09:20:23",114.90,35.05,,,,
"2018-06-28 10:11:24",114.15,37.89,,,,
"2018-06-27 16:03:14",115.20,41.03,,,,
"2018-06-26 20:08:59",115.55,45.76,,,,
"2018-06-25 18:10:24",117.25,44.83,,,,
"2018-06-24 12:41:23",117.55,39.96,,,,
"2018-06-16 14:45:15",118.65,36.29,,,,
"2018-06-15 14:30:52",119.10,32.69,,,,
"2018-06-10 08:27:01",119.30,37.41,,,,
"2018-06-07 09:55:23",119.60,37.83,,,,
"2018-06-03 08:04:50",119.80,36.25,,,,
"2018-05-31 09:58:43",119.35,38.94,,,,
"2018-05-29 09:19:01",119.85,43.07,,,,
"2018-05-28 09:19:57",119.75,43.78,,,,
"2018-05-27 22:36:50",120.45,42.59,,,,
"2018-05-27 08:14:55",120.85,43.83,,,,
"2018-05-26 19:11:18",121.15,39.42,,,,
"2018-05-26 11:03:19",121.10,43.81,,,,
"2018-05-25 12:51:51",122.20,43.11,,,,
"2018-05-24 10:41:47",122.70,43.90,,,,
"2018-05-23 23:56:51",123.75,41.48,,,,
"2018-05-23 10:41:40",124.40,,,,,
"2018-05-22 06:43:57",124.55,42.70,,,,
"2018-05-21 20:15:40",125.20,44.24,,,,
"2018-05-21 07:58:49",125.40,41.59,,,,
"2018-05-20 11:46:22",126.55,41.17,,,,
"2018-05-20 00:13:38",127.85,41.31,,,,
"2018-05-18 13:43:34",128.80,41.89,,,,
"2018-04-03 17:49:26",124.80,37.02,,,,
"2018-03-28 14:02:59",124.95,38.94,,,,
"2018-03-21 12:49:32",126.00,38.08,,,,
"2017-11-10 13:34:39",124.40,39.17,,,,
"2017-11-09 10:59:25",125.00,41.51,,,,
"2017-10-28 13:19:26",124.20,42.50,,,,
"2017-10-23 14:27:58",123.50,38.06,,,,
"2017-10-19 14:45:20",123.40,43.31,,,,
"2017-10-17 00:17:49",125.00,,,,,
"2017-10-14 12:30:21",123.95,41.24,,,,
"2017-09-20 10:13:40",125.70,37.21,,,,
"2017-09-02 22:44:24",123.70,34.31,,,,
"2017-08-15 10:55:57",123.80,39.35,,,,
"2017-07-31 15:19:09",127.30,,,,,
"2017-07-30 15:24:04",125.85,37.80,,,,
"2017-06-17 08:28:25",119.45,37.55,,,,
"2017-06-16 09:29:20",120.45,35.20,,,,
"2017-06-14 13:40:50",119.50,43.25,,,,
"2017-06-13 13:34:19",118.20,45.73,,,,
"2017-06-12 14:26:44",119.90,41.90,,,,
"2017-05-27 15:26:43",122.85,46.48,,,,
"2017-04-14 10:15:26",121.45,39.28,,,,
"2017-03-29 14:38:00",120.90,35.59,,,,
"2017-03-21 17:55:46",120.90,36.97,,,,
"2017-03-13 11:06:03",119.05,36.65,,,,
"2017-03-08 12:00:00",119.10,,,,,
"2017-03-08 09:37:25",119.10,36.96,,,,
"2017-03-08 09:20:27",119.30,38.22,,,,
"2017-03-07 12:00:00",119.30,,,,,
"2017-03-07 09:25:03",119.30,36.74,,,,
"2017-03-06 14:02:37",119.75,37.02,,,,
"2017-03-06 12:00:00",119.75,,,,,
"2017-03-05 12:00:00",119.30,,,,,
"2017-03-05 08:34:33",119.30,39.83,,,,
"2017-02-27 07:50:58",119.40,40.86,,,,
"2017-02-25 09:35:39",119.30,40.63,,,,
"2017-02-24 08:26:23",119.55,40.74,,,,
"2017-02-23 10:23:24",120.55,40.91,,,,
"2017-02-22 10:33:09",121.35,44.06,,,,
"2017-02-21 09:25:44",121.80,43.27,,,,
"2017-02-21 09:24:08",122.30,43.07,,,,
"2017-02-20 07:16:42",122.60,42.51,,,,
"2017-02-19 07:54:28",122.50,41.56,,,,
"2017-02-18 08:26:41",122.80,41.43,,,,
"2017-02-18 08:26:25",123.05,41.67,,,,
"2017-02-15 09:39:08",123.70,41.14,,,,
"2017-02-14 09:38:21",124.55,43.14,,,,
"2017-02-13 16:39:00",123.70,42.02,,,,
"2017-02-01 08:08:42",124.80,43.99,,,,
"2017-01-31 12:11:56",124.70,,,,,
"2017-01-24 12:15:50",126.55,37.81,,,,
"2017-01-12 08:09:18",125.45,42.69,,,,
"2016-12-12 11:24:02",124.55,,,,,
"2016-09-12 12:08:51",123.20,37.21,,,,
"2016-09-01 08:50:44",122.85,37.47,,,,
"2016-08-17 09:39:30",122.85,41.90,,,,
"2016-08-15 10:38:11",122.75,40.09,,,,
"2016-07-18 23:28:47",124.90,34.88,,,,
"2016-06-18 20:48:26",123.05,38.94,,,,
"2016-05-24 11:09:36",119.25,34.69,,,,
"2016-04-10 10:50:11",120.20,34.70,,,,
"2016-04-09 08:05:19",120.05,37.57,,,,
"2016-04-08 20:06:28",120.65,,,,,
"2016-04-08 07:50:33",120.40,37.34,,,,
"2016-04-07 18:28:26",120.15,32.35,,,,
"2016-04-06 08:49:11",121.00,34.99,,,,
"2016-04-03 13:28:05",121.35,,,,,
"2016-04-02 11:35:46",121.45,32.03,,,,
"2016-04-01 19:29:25",121.90,31.55,,,,
"2016-03-29 11:58:55",122.75,35.81,,,,
"2016-03-28 12:59:56",121.70,34.76,,,,
"2016-03-26 21:32:10",122.50,,,,,
"2016-02-29 22:51:55",123.15,,,,,
"2016-02-04 00:02:48",125.90,26.81,,,,(null)
"2016-02-04 00:02:20",122.50,22.79,,,,
"2016-01-21 08:57:46",121.95,35.96,,,,
"2016-01-14 20:22:12",123.20,,,,,
"2015-12-20 15:14:22",121.40,33.38,,,,
"2015-11-16 11:00:09",120.40,33.37,,,,
"2015-10-24 09:31:22",119.40,33.34,,,,
"2015-09-28 11:23:08",119.95,36.66,,,,
"2015-08-23 07:24:31",119.95,36.12,,,,
"2015-08-19 11:55:37",120.40,36.79,,,,
"2015-08-18 08:58:12",120.00,34.40,,,,
"2015-08-10 11:37:19",121.75,33.12,,,,
"2015-07-11 08:15:47",119.05,35.45,,,,
"2015-07-06 17:09:18",117.00,,,,,
"2015-07-06 16:40:16",117.00,,,,,
"2015-06-02 07:38:45",118.60,35.31,,,,
"2015-05-19 12:43:00",118.35,35.62,,,,
"2015-05-03 15:04:15",120.60,22.97,,,,
"2015-04-13 11:30:29",118.60,30.68,,,,
"2015-03-30 09:09:12",119.70,32.65,,,,
"2015-03-14 14:59:23",118.95,32.16,,,,
"2015-03-13 11:42:39",119.60,30.55,,,,
"2015-03-08 10:54:31",118.50,35.61,,,,
"2015-03-06 10:56:11",118.35,33.12,,,,
"2015-03-04 07:12:20",119.55,30.51,,,,
"2015-02-24 10:29:27",120.05,29.95,,,,
"2015-02-23 09:04:08",120.45,32.05,,,,
"2015-02-21 18:13:34",121.55,33.37,,,,
"2015-02-07 20:08:05",121.00,34.85,,,,
"2015-02-03 10:09:36",118.80,33.90,,,,
"2015-02-02 11:43:55",119.40,35.63,,,,
"2015-02-01 10:51:54",120.45,36.29,,,,
"2015-01-27 09:19:32",119.50,31.14,,,,
"2015-01-26 10:17:40",119.90,30.92,,,,
"2015-01-24 12:40:16",119.80,37.61,,,,
"2015-01-23 13:01:58",117.95,35.78,,,,
"2015-01-20 11:42:16",120.80,34.26,,,,
"2015-01-20 01:25:50",122.30,32.86,,,,
"2014-11-04 00:43:13",117.05,32.40,,,,
"2014-09-17 12:29:33",115.15,32.30,,,,
"2014-08-22 08:48:48",113.80,34.30,,,,
"2014-08-20 12:48:17",114.85,29.71,,,,
"2014-08-15 12:36:44",114.40,32.64,,,,
"2014-08-14 08:08:53",114.20,31.86,,,,
"2014-08-06 07:50:59",113.85,31.92,,,,
"2014-08-05 10:47:59",114.80,31.88,,,,
"2014-08-04 12:21:19",113.90,,,,,
"2014-08-04 12:21:02",113.90,,,,,
"2014-08-02 10:25:22",114.00,32.17,,,,
"2014-08-01 10:56:51",114.50,,,,,
"2014-07-31 11:23:08",114.30,31.58,,,,
"2014-07-30 08:56:55",114.40,33.86,,,,
"2014-07-29 12:05:30",115.05,31.72,,,,
"2014-07-28 20:55:33",115.15,34.16,,,,
"2014-07-24 10:25:17",115.05,36.30,,,,
"2014-07-23 09:32:01",114.45,36.84,,,,
"2014-06-01 10:24:20",114.25,37.02,,,,
"2014-05-17 07:37:04",115.15,,,,,
"2014-05-10 10:41:33",114.95,33.74,,,,
"2014-05-07 00:42:59",115.80,30.35,,,,
"2014-04-25 08:27:20",115.75,33.95,,,,
"2014-04-18 12:20:26",116.50,31.05,,,,
"2014-04-17 14:08:14",116.70,28.92,,,,
"2014-04-16 17:48:11",117.95,29.12,,,,
"2014-04-15 09:38:56",118.20,26.81,,,,
"2014-04-14 18:01:22",118.35,28.51,,,,
"2014-04-01 09:55:30",116.85,28.52,,,,
"2014-03-26 08:01:43",115.30,31.06,,,,
"2014-03-24 08:26:38",116.45,27.33,,,,
"2014-03-18 07:56:11",116.30,30.51,,,,
"2014-03-15 10:06:21",113.05,35.52,,,,
"2014-03-15 10:06:05",113.20,36.14,,,,
"2014-03-14 14:03:24",112.65,34.44,,,,
"2014-03-14 09:02:29",112.95,37.57,,,,
"2014-03-13 20:18:14",114.05,39.01,,,,
"2014-03-13 20:17:10",114.25,39.70,,,,
"2014-03-13 08:01:58",113.95,38.18,,,,
"2014-03-12 10:54:18",115.25,35.37,,,,
"2014-03-03 22:51:10",116.70,,,,,
"2014-02-19 07:03:27",114.70,32.04,,,,
"2014-02-16 13:48:20",116.00,31.14,,,,
"2014-02-12 09:13:48",114.30,33.90,,,,
"2014-02-12 01:20:58",115.05,32.34,,,,
"2014-02-08 09:09:44",114.40,32.76,,,,
"2014-02-07 09:11:13",114.65,32.74,,,,
"2014-02-06 08:41:35",115.50,31.73,,,,
"2014-02-06 08:40:09",115.75,31.82,,,,
"2014-02-05 09:25:13",115.75,32.44,,,,
"2014-02-04 23:15:01",117.70,33.48,,,,
"2014-02-04 09:37:38",117.80,,,,,
"2014-02-03 13:15:35",117.40,,,,,
"2014-01-31 08:51:37",116.90,,,,,
"2014-01-27 22:46:50",117.55,28.16,,,,
"2014-01-10 14:21:36",115.80,32.61,,,,
"2014-01-05 10:23:46",116.10,35.14,,,,
"2013-12-29 14:53:06",116.50,29.65,,,,
"2013-12-07 13:51:00",115.05,33.83,,,,
"2013-10-24 11:36:35",114.45,34.15,,,,
"2013-10-18 08:02:05",114.20,,,,,
"2013-10-16 08:22:43",113.45,36.26,,,,
"2013-10-15 21:49:00",114.50,37.62,,,,
"2013-10-15 00:15:39",114.55,30.69,,,,
"2013-10-13 22:19:07",115.70,33.15,,,,
"2013-10-12 22:53:09",117.80,29.26,,,,
"2013-10-08 08:49:00",113.55,,,,,
"2013-10-03 08:45:12",115.10,33.25,,,,
"2013-10-03 00:00:52",115.50,29.98,,,,
"2013-10-01 22:44:18",116.30,32.79,,,,
"2013-10-01 22:44:02",116.20,32.32,,,,
"2013-08-27 09:47:06",114.25,33.49,,,,
"2013-08-26 07:48:48",114.20,32.83,,,,
"2013-08-26 07:46:55",114.15,33.76,,,,
"2013-08-24 09:49:40",116.00,29.51,,,,
"2013-08-14 12:58:58",116.50,34.48,,,,
"2013-08-09 17:58:49",114.85,30.32,,,,
"2013-08-04 11:01:09",114.60,29.87,,,,
"2013-07-04 11:03:51",115.00,29.83,,,,
"2013-07-03 01:19:48",115.40,28.91,,,,
"2013-05-29 10:01:05",111.65,32.38,,,,
"2013-05-28 08:30:40",111.05,35.74,,,,
"2013-05-27 14:32:36",111.10,35.55,,,,
"2013-05-27 09:15:48",111.55,37.37,,,,
"2013-05-25 09:55:28",112.15,31.65,,,,
"2013-05-22 09:02:38",113.55,33.83,,,,
"2013-05-18 23:30:28",115.50,28.24,,,,
"2013-05-16 08:28:05",114.70,27.99,,,,
"2013-05-15 08:54:29",115.65,28.98,,,,
"2013-05-09 10:01:03",114.50,31.26,,,,
"2013-05-08 08:47:59",113.25,33.80,,,,
"2013-05-06 09:14:38",114.35,34.06,,,,
"2013-05-05 10:47:26",116.30,30.25,,,,
"2013-04-25 08:32:33",113.20,30.65,,,,
"2013-04-24 10:53:10",113.90,33.06,,,,
"2013-04-22 12:37:29",113.55,27.47,,,,
"2013-04-20 09:47:36",113.20,31.73,,,,
"2013-04-19 10:45:41",113.15,31.45,,,,
"2013-04-16 10:06:28",112.95,30.68,,,,
"2013-04-16 01:54:50",114.00,26.24,,,,
"2013-04-08 09:57:26",114.25,28.74,,,,
"2013-04-05 08:26:59",111.95,32.18,,,,
"2013-04-04 11:30:31",112.35,33.70,,,,
"2013-04-03 09:51:04",114.15,29.99,,,,
"2013-04-03 08:37:32",112.25,28.11,,,,
"2013-04-02 11:02:03",114.80,30.28,,,,
"2013-03-25 10:31:49",112.65,32.08,,,,
"2013-03-14 23:02:30",112.80,32.10,,,,
"2013-03-14 09:23:10",113.00,32.86,,,,
"2013-03-13 07:47:55",112.05,30.40,,,,
"2013-03-08 07:40:20",112.30,29.56,,,,
"2013-03-03 10:12:19",112.10,36.98,,,,
"2013-02-21 09:23:37",112.30,29.44,,,,
"2013-02-20 10:09:12",113.45,30.50,,,,
"2013-02-10 10:05:16",112.70,30.95,,,,
"2013-02-03 09:35:31",112.60,30.98,,,,
"2013-01-23 11:26:37",111.25,30.88,,,,
"2013-01-09 15:10:40",112.35,34.87,,,,
"2012-12-24 19:26:49",111.50,31.67,,,,
"2012-12-08 16:29:23",111.70,28.83,,,,
"2012-12-03 08:48:41",110.95,28.80,,,,
"2012-11-17 13:04:36",110.65,31.28,,,,
"2012-11-17 12:32:09",110.95,32.56,,,,
"2012-11-16 11:08:33",110.70,35.52,,,,
"2012-11-16 09:44:41",110.25,34.42,,,,
"2012-11-15 08:42:58",109.95,,,,,
"2012-11-14 11:55:41",110.75,33.97,,,,
"2012-11-14 10:42:06",110.90,,,,,
"2012-11-12 21:50:52",111.90,33.06,,,,
"2012-11-12 08:20:56",113.95,,,,,
"2012-11-12 07:23:45",114.45,,,,,
"2012-10-31 22:53:39",112.85,31.31,,,,
"2012-10-23 00:27:38",111.40,28.59,,,,
"2012-10-22 08:17:03",111.95,,,,,
"2012-10-11 21:11:31",111.20,28.89,,,,
"2012-09-29 14:45:15",110.65,30.14,,,,
"2012-09-21 09:59:22",110.55,29.95,,,,
"2012-09-20 10:01:29",109.80,30.77,,,,
"2012-09-15 12:32:02",110.85,28.49,,,,
"2012-09-08 14:18:14",110.60,29.76,,,,
"2012-09-06 11:33:58",109.75,29.94,,,,
"2012-09-05 10:13:22",110.15,30.62,,,,
"2012-08-31 20:45:39",109.95,30.90,,,,
"2012-08-29 23:26:19",111.30,28.97,,,,
"2012-08-28 00:53:06",111.60,28.75,,,,
"2012-08-17 20:32:05",110.75,30.57,,,,
"2012-07-24 08:59:51",111.10,33.72,,,,
"2012-07-14 15:57:50",111.65,31.22,,,,
"2012-07-11 07:47:48",110.40,32.41,,,,
"2012-07-10 23:04:14",111.00,29.41,,,,
"2012-07-10 00:31:34",110.30,32.21,,,,
"2012-07-07 23:59:19",111.15,31.60,,,,
"2012-06-28 10:49:48",110.60,29.65,,,,
"2012-06-27 00:18:23",112.20,30.76,,,,
"2012-06-18 09:45:33",112.05,31.45,,,,
"2012-06-15 08:59:44",109.90,33.08,,,,
"2012-06-14 23:08:08",110.45,31.33,,,,
"2012-06-13 09:36:06",111.55,30.79,,,,
"2012-06-07 09:25:57",109.45,32.68,,,,
"2012-06-03 12:13:32",113.00,,,,,
"2012-05-31 09:53:00",112.00,,,,,
"2012-05-23 10:25:49",111.95,31.36,,,,
"2012-05-20 00:59:45",112.25,29.51,,,,
"2012-05-19 12:09:14",112.00,,,,,
"2012-05-11 10:14:22",110.10,31.59,,,,
"2012-05-11 00:38:06",111.85,27.79,,,,
"2012-05-11 00:37:44",111.85,28.26,,,,
"2012-04-10 12:08:43",111.55,33.21,,,,
"2012-04-10 12:08:22",109.50,31.17,,,,
"2012-04-09 23:37:55",109.70,29.68,,,,
"2012-04-09 23:37:32",109.75,28.83,,,,
"2012-04-08 10:54:55",109.25,31.62,,,,
"2012-04-07 10:05:28",110.30,32.44,,,,
"2012-04-07 01:35:36",111.20,29.81,,,,
"2012-04-07 01:35:14",111.15,29.76,,,,
"2012-04-01 22:16:39",113.15,28.83,,,,
"2012-04-01 22:13:46",113.15,28.59,,,,
"2012-03-16 11:24:13",110.55,33.90,,,,
"2012-03-15 09:45:24",111.20,34.16,,,,
"2012-03-15 00:22:55",111.75,30.61,,,,
"2012-03-14 09:13:44",110.35,33.61,,,,
"2012-03-13 23:54:28",110.65,30.82,,,,
"2012-03-13 10:21:10",110.65,33.88,,,,
"2012-03-12 08:55:40",111.50,31.67,,,,
"2012-03-11 10:46:26",110.50,33.97,,,,
"2012-03-10 09:09:59",111.40,33.19,,,,
"2012-03-09 08:12:29",112.80,32.21,,,,
"2012-03-08 23:16:53",114.00,29.15,,,,
"2012-03-08 22:42:19",114.25,29.71,,,,
"2012-03-08 00:00:46",115.25,27.67,,,,
"2012-03-03 10:36:49",114.85,29.09,,,,
"2012-02-26 12:13:22",112.40,38.09,,,,
"2012-02-24 20:11:24",111.90,32.25,,,,
"2012-02-24 09:14:16",111.60,32.33,,,,
"2012-02-24 00:08:01",112.45,28.97,,,,
"2012-02-23 11:11:58",111.85,33.13,,,,
"2012-02-23 11:11:37",112.00,34.32,,,,
"2012-02-19 11:16:24",113.85,34.34,,,,
"2012-02-18 18:23:08",114.75,31.59,,,,
"2012-02-18 17:50:13",113.00,,,,,
"2008-02-23 10:41:08",91.40,,,,,
